Show,Season,Name,Age,Hometown,Job,Eliminated
The Bachelor,1,Amanda Marsh,23,"Chanute, Kansas",Event Planner,Winner
The Bachelor,1,Trista Rehn,29,"Miami, Florida",Miami Heat Dancer,Runner-up
The Bachelor,1,Shannon Oliver,24,"Dallas, Texas",Financial Management Consultant,Week 5
The Bachelor,1,Kim,24,"Tempe, Arizona",Nanny,Week 4
The Bachelor,1,Cathy Grimes,22,"Terre Haute, Indiana",Graduate Student,Week 3
The Bachelor,1,Christina Stencil,28,"Bonita, California",Attorney,Week 3
The Bachelor,1,LaNease Adams,23,"Los Angeles, California",Actress,Week 3
The Bachelor,1,Rhonda Rittenhouse,28,"Woodward, Oklahoma",Commercial Real Estate Agent,Week 3
The Bachelor,1,Alexa,27,"Beverly Hills, California",Special Ed. Teacher,Week 2
The Bachelor,1,Amy Anzel,28,"New York, New York",Production Coordinator,Week 2
The Bachelor,1,Angela,25,"Avondale, Arizona",Hooters Waitress,Week 2
The Bachelor,1,Angelique Madrid,27,"Burbank, California",Actress,Week 2
The Bachelor,1,Katie,23,"Malden, Massachusetts",Power Tool Sales Rep.,Week 2
The Bachelor,1,Melissa,25,"Tempe, Arizona",Photographer,Week 2
The Bachelor,1,Tina Chen,27,"Plano, Texas",Graduate Student,Week 2
The Bachelor,1,Amber,29,"Los Angeles, California",Business Development Director,Week 1
The Bachelor,1,Daniela,30,"Seattle, Washington",Neuropsychologist,Week 1
The Bachelor,1,Denise,30,"Honolulu, Hawaii",Doctor,Week 1
The Bachelor,1,Jackie,22,"Pittsburgh, Pennsylvania",Bar Manager,Week 1
The Bachelor,1,Jill,31,"Chicago, Illinois",Retail Manager,Week 1
The Bachelor,1,Kristina Jenkins,27,"Los Angeles, California",Advertising Executive,Week 1
The Bachelor,1,Lisa Gold,29,"Dallas, Texas",Attorney,Week 1
The Bachelor,1,Paula,24,"Swansea, Massachusetts",Insurance Representative,Week 1
The Bachelor,1,Rachel,29,"Eastchester, New York",6th Grade Teacher,Week 1
The Bachelor,1,Wendi Plotnik,26,"Dallas, Texas",Technology Specialist,Week 1
The Bachelor,2,Helene Eksterowicz,27,"Gloucester, New Jersey",School Psychologist,Winner
The Bachelor,2,Brooke Smith,22,"Albertville, Alabama",College Student,Runner-up
The Bachelor,2,Gwen Gioia,31,"Philadelphia, Pennsylvania",Executive Recruiter,Week 6
The Bachelor,2,Angela,27,"Kansas City, Missouri",Registered Nurse,Week 5
The Bachelor,2,Hayley Crittenden,28,"Lake Oswego, Oregon",Retail Manager,Week 4
The Bachelor,2,Heather Cranford,30,"Dallas, Texas",Flight Attendant,Week 4
The Bachelor,2,Christi Weible,23,"Boise, Idaho",Assistant Financial Advisor,Week 3
The Bachelor,2,Heather,24,"Walnut Creek, California",Marriage Therapy Trainee,Week 3
The Bachelor,2,Kyla Dickerson,22,"Midvale, Utah",Airline Supervisor,Week 3
The Bachelor,2,Shannon,26,"Long Island, New York",Graphic Artist,Week 3
The Bachelor,2,Dana Norris,24,"Beverly Hills, California",Radio Sales,Week 2
The Bachelor,2,Erin,25,"West Chester, Pennsylvania",Publications Quality Control,Week 2
The Bachelor,2,Suzanne Freeman,33,"Redondo Beach, California",Flight Attendant,Week 2
The Bachelor,2,Frances Dinglasan,30,"San Francisco, California",Strategic Planning Analyst,Week 2 (Quit)
The Bachelor,2,Anindita Dutta,27,"New York, New York",Attorney,Week 2 (Quit)
The Bachelor,2,Amber West,26,"Chapel Hill, North Carolina",Psychologist,Week 1
The Bachelor,2,Camille Langfield,29,"Los Angeles, California",Actress,Week 1
The Bachelor,2,Cari,29,"Granite City, Illinois",3rd Grade Teacher,Week 1
The Bachelor,2,Christy,24,"Avondale, Arizona",Radiological Technologist,Week 1
The Bachelor,2,Erin,24,"Houston, Texas",Interior Designer,Week 1
The Bachelor,2,Fatima Rivas,22,"Long Beach, California",College Student,Week 1
The Bachelor,2,Liangy Fernandez,30,"Coral Gables, Florida",Paralegal,Week 1
The Bachelor,2,Lori Todd,26,"Dallas, Texas",Former NBA Cheerleader,Week 1
The Bachelor,2,Merrilee Donohue,28,"Forked River, New Jersey",1st Grade Teacher,Week 1
The Bachelor,2,Suzi Reid,28,"Richmond, Virginia",Communications Specialist,Week 1
The Bachelor,5,Jessica Bowlin,22,"Huntington Beach, California",Student,Winner
The Bachelor,5,Tara Huckeby,23,"Shawnee, Oklahoma",General contractor,Week 7
The Bachelor,5,Mandy Jaye Jeffreys,26,"Midland, Texas",Designer for an architect firm,Week 6
The Bachelor,5,Trish Schneider,28,"Atlanta, Georgia",Model,Week 5
The Bachelor,5,Suzie Williams,23,"Ann Arbor, Michigan",Prosthetic technician,Week 4
The Bachelor,5,Karen Lindsay,28,"Pleasant Grove, Utah",Pharmaceutical sales,Week 4
The Bachelor,5,Jessica Holcomb,25,"Pearsall, Texas",Attorney,Week 3
The Bachelor,5,Julie Durda,24,"Sacramento, California",Professional Cheerleader,Week 3
The Bachelor,5,Jenny De Schiralli,26,"Carrboro, North Carolina",Swim instructor/nanny/personal trainer,Week 3
The Bachelor,5,Katie Gehart,22,"Scottsdale, Arizona",LASIK Eye and Skin Center manager,Week 3
The Bachelor,5,Jean-Marie Callahan,26,"Gibson, North Carolina",Hair stylist,Week 2
The Bachelor,5,Debbie Merkett,27,"Pinetops, North Carolina",Massage therapist/bartender,Week 2
The Bachelor,5,Anne-Catherine Labbé,27,"Quebec City, Quebec",Model/make-up artist,Week 2
The Bachelor,5,Amber LaRoux,27,"Sunriver, Oregon",Consultant,Week 2
The Bachelor,5,Mandy Clemens,25,"San Diego, California",Professional soccer player,Week 2
The Bachelor,5,Kristy Romero,25,"Dearborn, Michigan",Student,Week 2
The Bachelor,5,Celeste Creel,24,"Ithaca, New York",Model/executive assistant,Week 2
The Bachelor,5,Jenny Matthews,24,"Canton, Michigan",Retail manager,Week 2
The Bachelor,5,Dolores Farburg,26,"Madison, New Jersey",Account manager,Week 1
The Bachelor,5,Francine Jones,25,"Houston, Texas",Retail manager,Week 1
The Bachelor,5,DeShaun Warner,25,"Phillipsburg, New Jersey",Account manager/sales,Week 1
The Bachelor,5,Jessica Kyron,21,"Cincinnati, Ohio",Student,Week 1
The Bachelor,5,Holly Reeder,26,"Tulsa, Oklahoma",Bank representative,Week 1
The Bachelor,5,Rachel Clementi,26,"Buffalo, New York",Fashion public relations manager,Week 1
The Bachelor,5,Kristin Clearwater,25,"Sausalito, California",Singer,Week 1
The Bachelor,9,Jennifer Wilson,24,"Pembroke Pines, Florida",Teacher,Winner
The Bachelor,9,Sadie Murray,23,"Carlsbad, California",Publicist,Week 7
The Bachelor,9,Lisa Blank,25,"Portland, Oregon",Marketing manager,Week 6
The Bachelor,9,Agnese Polliza,24,"Venice, Italy",Student,Week 5
The Bachelor,9,Jeanette Pawula,23,"Bloomingdale, Illinois",Teacher,Week 4
The Bachelor,9,Desiree Valentin,22,"Salt Lake City, Utah",Realtor,Week 4
The Bachelor,9,Jami Matzke,27,"Galveston, Texas",Event planner,Week 3
The Bachelor,9,Gina Clark,28,"Dallas, Texas",Ultrasound technician,Week 3
The Bachelor,9,Erica Rose,23,"Houston, Texas",Socialite,Week 3
The Bachelor,9,Sarah Schnare,30,"Nelson, British Columbia",Journalist,Week 2
The Bachelor,9,"Kimberly ""Kim"" Jackson",27,"Newport Beach, California",Interior designer,Week 2
The Bachelor,9,Ellen DeMaio,30,"New Haven, Connecticut",Realtor,Week 2
The Bachelor,9,Tara Durr,24,"St. Augustine, Florida",Realtor,Week 1
The Bachelor,9,Rosella Fratto,27,"Chicago, Illinois",Make-up artist,Week 1
The Bachelor,9,Rita Ghazal,29,"Richmond, Virginia",Policy advisor,Week 1
The Bachelor,9,Renee Snell,30,"Baltimore, Maryland",Broadcast marketer,Week 1
The Bachelor,9,"Meryl ""Meri"" Barr",27,"Biloxi, Mississippi",Attorney,Week 1
The Bachelor,9,Laura Morgan,29,"San Diego, California",Dolphin trainer,Week 1
The Bachelor,9,Jessica Horner,25,"Charlotte, North Carolina",Assistant buyer,Week 1
The Bachelor,9,Heather Sneed,34,"Aliquippa, Pennsylvania",Registered nurse,Week 1
The Bachelor,9,Elyse Hammer,27,"New York City, New York",Physician,Week 1
The Bachelor,9,Cosetta Blanca,,Italy,Dancer,Week 1
The Bachelor,9,Claudia Gismondi,22,"Boca Raton, Florida",Restaurateur,Week 1
The Bachelor,9,Carissa Ilburg,25,"Cattaraugus, New York",Attorney,Week 1
The Bachelor,9,Britt (Bowe) Newton,28,"Columbus, Ohio",Beer chemist,Week 1
The Bachelor,9,Andrea Shirley,28,"Cincinnati, Ohio",Hotel concierge,Week 1
The Bachelor,9,April Jacobs,23,"Chicago, Illinois",Model,Week 1
The Bachelor,10,Tessa Horst,26,"San Francisco, California",Social Worker,Winner
The Bachelor,10,Bevin Nicole Powers,28,"Palo Alto, California",Assistant,Week 8
The Bachelor,10,Danielle Imwalle,25,"Bethel, Connecticut",Graphic Designer,Week 7
The Bachelor,10,Amber Alchalabi,23,"Sugar Land, Texas",Teacher,Week 6
The Bachelor,10,Stephanie Wilhite,23,"Overland Park, Kansas",Project Manager,Week 5
The Bachelor,10,Tina Wu,26,"Los Angeles, California",Medical student,Week 5
The Bachelor,10,"Kathryn ""Kate"" Brockhouse",24,"Ravenel, South Carolina",Boutique owner,Week 4
The Bachelor,10,Nicole Clary,26,"Charleston, South Carolina",Sales Manager,Week 4
The Bachelor,10,Stephanie Tipper,27,"Folly Beach, South Carolina",Organ donor coordinator,Week 4
The Bachelor,10,Amanda Hackney,26,"Dallas, Texas",Financial analyst,Week 3
The Bachelor,10,Erin Parker,24,"Logansport, Louisiana",Financial analyst,Week 3
The Bachelor,10,Peyton Wright,24,"Kingsport, Tennessee",Sorority recruiter,Week 3
The Bachelor,10,Alexis Young,26,"Southlake, Texas",Attorney,Week 2
The Bachelor,10,Susan Anderson,23,"The Woodlands, Texas",Boutique manager,Week 2
The Bachelor,10,Tiffany Warren,28,"Boston, Massachusetts",Medical equipment sales rep,Week 2
The Bachelor,10,Blakeney Rowe,29,"Birmingham, Alabama",Radio sales,Week 1
The Bachelor,10,Candice DeCost,23,"Hilton Head Island, South Carolina",Waitress,Week 1
The Bachelor,10,Catherine Warren,23,"Lake Forest, Illinois",Former Miss Illinois,Week 1
The Bachelor,10,Danielle Vallis,26,"Bronx, New York",Attorney,Week 1
The Bachelor,10,"Jacqueline ""Jackie"" Topelli",23,"Minneapolis, Minnesota",Executive coordinator,Week 1
The Bachelor,10,Jeanette Alvarez,27,"Tampa, Florida",Health care manager,Week 1
The Bachelor,10,Jessica Devallo,32,"New York, New York",Hedge fund analyst,Week 1
The Bachelor,10,Linda Malek,33,"Cuyahoga Falls, Ohio",Attorney,Week 1
The Bachelor,10,Lindsay Smith,22,"Lawrence, Kansas",Student,Week 1
The Bachelor,10,Tiffany Forester,27,"St. Louis Park, Minnesota",Real estate sales/development,Week 1
The Bachelor,11,DeAnna Pappas,25,"Newnan, Georgia",Realtor,Co-runners-up
The Bachelor,11,Jenni Croft,27,"Wichita, Kansas",Phoenix Suns Cheerleader,Co-runners-up
The Bachelor,11,Bettina Bell,27,"Washington, D.C.",Realtor,Week 7
The Bachelor,11,Sheena Stewart,23,"Walnut Creek, California",Internet marketing executive,Week 6
The Bachelor,11,Hillary Reisinger,27,"Philadelphia, Pennsylvania",Registered nurse,Week 5
The Bachelor,11,Kristy Katzmann,29,"Gurnee, Illinois",Acupuncturist,Week 5
The Bachelor,11,McCarten Delaney,26,"Lemon Grove, California",Account manager,Week 4
The Bachelor,11,"Estefania ""Stephy"" Leon",26,"Atlanta, Georgia",Executive assistant,Week 4
The Bachelor,11,Jade Beazley,24,"Nashville, Tennessee",Boutique sales worker,Week 4
The Bachelor,11,Lindsey Hawkins,25,"Livonia, Michigan",Model,Week 3
The Bachelor,11,Sarah Newlon,23,"O'Fallon, Illinois",Bar manager,Week 3
The Bachelor,11,Solisa Shoop,25,"Georgetown, Texas",Esthetician,Week 3
The Bachelor,11,Erin Gardner,25,"Tampa, Florida",Publishing sales executive,Week 2
The Bachelor,11,Mallory Simons,24,"Honolulu, Hawaii",Nanny,Week 2
The Bachelor,11,Michele Leavy,30,"South Brunswick, New Jersey",Realtor,Week 2
The Bachelor,11,Jessica Kiss,27,"Lady Lake, Florida",News anchor,Week 1
The Bachelor,11,"Julia ""Juli"" Gilliam",24,"Chicago, Illinois",Law student,Week 1
The Bachelor,11,"Kimberly ""Kim"" Orville",31,"Woodbridge, Connecticut",Realtor,Week 1
The Bachelor,11,Lori Langley,33,"Annapolis, Maryland",Biology teacher,Week 1
The Bachelor,11,Melissa Buschel,28,"Westchester, New York",Event planner,Week 1
The Bachelor,11,Morgan Becker,24,"Tempe, Arizona",Graduate student,Week 1
The Bachelor,11,Natalie Velasco,25,"Duncanville, Texas",Law student,Week 1
The Bachelor,11,Regina Doringa,31,"San Diego, California",Account representative,Week 1
The Bachelor,11,Tauni Nessler ,31,"St. Louis Park, Minnesota",Emergency room nurse,Week 1
The Bachelor,11,Susan Coolidge,35,"St. Charles, Illinois",Project analyst,Week 1
The Bachelor,12,Shayne Lamas,22,"Malibu, California",Actress,Winner
The Bachelor,12,Chelsea Wanstrath,25,"Durango, Colorado",Pharmaceutical sales rep.,Runner-up
The Bachelor,12,Amanda Rantuccio,27,"Niceville, Florida",Account Executive,Week 7
The Bachelor,12,Noelle Drake,26,"Loveland, Colorado",Photographer,Week 6
The Bachelor,12,Marshana Ritchie,27,"Brooklyn, New York",Fashion designer,Week 5
The Bachelor,12,Robin Canfield,22,"Holland, Michigan",Advertising coordinator,Week 5
The Bachelor,12,Ashlee Williss,22,"Jacksonville Beach, Florida",Singer-songwriter,Week 4
The Bachelor,12,Kelly Hark,25,"Hollywood, California",Medical sales representative,Week 4
The Bachelor,12,Holly Durst,24,"Suffield, Ohio",Children's book author,Week 4
The Bachelor,12,Amy Bean,22,"Stockton, California",Nanny,Week 3
The Bachelor,12,Erin Storm,33,"San Marcos, California",Vendor,Week 3
The Bachelor,12,Kristine Heffelfinger,33,"Dillsburg, Pennsylvania",Personal trainer,Week 3
The Bachelor,12,"Caroline ""Carri"" Perrier",25,"Oklahoma City, Oklahoma",Church marketing rep.,Week 2
The Bachelor,12,Erin Harper,25,"Seattle, Washington",Event planner,Week 2
The Bachelor,12,Michelle Procopio,28,"Syracuse, New York",Administrative assistant,Week 2
The Bachelor,12,Alyssa Gill,24,"Boise, Idaho",Biology student,Week 1
The Bachelor,12,Amanda Petterman,26,"Cape Girardeau, Missouri",Law student,Week 1
The Bachelor,12,Denise Hawthorne,30,"Washington, D.C.",Attorney and former White House aide,Week 1
The Bachelor,12,Devon Antin,24,"Austin, Texas",Make-up artist,Week 1
The Bachelor,12,Lesley Geyer,23,"Tampa, Florida",Youth minister,Week 1
The Bachelor,12,Michele Romero,33,"Laguna Niguel, California",Interior designer,Week 1
The Bachelor,12,Rebecca LeBlanc,30,"Alamo, California",Attorney,Week 1
The Bachelor,12,Stacey Elza,26,"Chicago, Illinois",Graduate student,Week 1
The Bachelor,12,Tamara Sketz,23,"Beverly Hills, California",Cocktail waitress,Week 1
The Bachelor,12,Tiffany Thornburg,33,"San Francisco, California",Real estate marketing rep.,Week 1
The Bachelor,13,Melissa Rycroft,25,"Dallas, Texas",Sales Representative,Winner
The Bachelor,13,Molly Malaney,24,"Grand Rapids, Michigan",Department Store Buyer,Runner-Up
The Bachelor,13,Jillian Harris,29,"Peace River, Alberta",Interior Designer,Week 7
The Bachelor,13,Naomi Crespo,24,"Carlsbad, California",Flight Attendant,Week 6
The Bachelor,13,Stephanie Hogan,34,"Huntsville, Alabama",Medical Marketing Representative,Week 5
The Bachelor,13,Lauren Wanger,27,"Marlboro, New Jersey",Teacher,Week 4
The Bachelor,13,Megan Parris,25,"Sewickley, Pennsylvania",Lacrosse Coach,Week 4
The Bachelor,13,Shannon Bair,29,"Marshall, Missouri",Dental Hygienist,Week 4
The Bachelor,13,Nikki Kaapke,29,"Blue Island, Illinois",Administrative Assistant,Week 4
The Bachelor,13,Erica DeSimone,25,"Monroe, Connecticut",Account Executive,Week 3
The Bachelor,13,Kari Fajen,27,"Lee's Summit, Missouri",Account Executive,Week 3
The Bachelor,13,Natalie Getz,27,"Morton, Illinois",Human Resources Recruiter,Week 3
The Bachelor,13,Raquel Medeiros,27,"Recife, Pernambuco, Brazil",Medical Student,Week 2
The Bachelor,13,Sharon Staebell,32,"Batavia, New York",Teacher,Week 2
The Bachelor,13,Lisa Gonzalez,28,"Boise, Idaho",Public Relations Associate,Week 2
The Bachelor,13,Ann Lueders,24,"Phoenix, Arizona",Flight Attendant,Week 1
The Bachelor,13,Dominique Carta,26,"Mount Carmel, Pennsylvania",Medical Sales Representative,Week 1
The Bachelor,13,Emily,23,"Seattle, Washington",Casino Marketing Representative,Week 1
The Bachelor,13,Jackie Hickley,26,"Springfield, Massachusetts",Wedding Coordinator,Week 1
The Bachelor,13,Julie Dermotta,26,"Columbus, Ohio",Teacher,Week 1
The Bachelor,13,Nicole Mah,25,"Calgary, Alberta",Menswear Buyer,Week 1
The Bachelor,13,Renee Simlak,36,"Southfield, Michigan",Jewelry Designer,Week 1
The Bachelor,13,Shelby,23,"Stockton, California",Account Executive,Week 1
The Bachelor,13,Stacia Mann,24,"Orem, Utah",Charity Accountant,Week 1
The Bachelor,13,Treasure Morgan,28,"Salt Lake City, Utah",Nurse Practitioner,Week 1
The Bachelor,14,Vienna Girardi,23,"Geneva, Florida",Marketing Representative,Winner
The Bachelor,14,Tenley Molzahn,25,"Newberg, Oregon",College Admissions,Runner-Up
The Bachelor,14,Gia Allemand,26,"Long Island, New York",Swimsuit Model,Week 7
The Bachelor,14,Ali Fedotowsky,25,"Williamstown, Massachusetts",Advertising Account Manager,Week 6
The Bachelor,14,Corrie Adamson,23,"Kissimmee, Florida",Wardrobe Consultant,Week 5
The Bachelor,14,Ashleigh Hunt,25,"North Potomac, Maryland",Account Manager,Week 4
The Bachelor,14,"Jessica ""Jessie"" Sulidis",25,"Oakville, Ontario",Cosmetic Sales Manager,Week 4
The Bachelor,14,Kathryn Sherlock,25,"Lexington, Kentucky",Corporate Flight Attendant,Week 4
The Bachelor,14,Ella Nolan,30,"La Follette, Tennessee",Hair Stylist,Week 4
The Bachelor,14,Elizabeth Kitt (NE),29,"Imperial, Nebraska",Nanny,Week 3
The Bachelor,14,Valishia Savage,32,"San Bernardino, California",Homemaker,Week 3
The Bachelor,14,Michelle Kujawa,26,"Anaheim, California",Office Manager,Week 3
The Bachelor,14,Ashley Elmore,29,"Pittsburgh, Pennsylvania",Teacher,Week 2
The Bachelor,14,Christina McCasland,25,"San Diego, California",Restaurant Manager,Week 2
The Bachelor,14,Rozlyn Papa,28,"Richmond, Virginia",Model/Make-Up Artist,Week 2
The Bachelor,14,"Alexa ""Lex"" McAllister",25,"Galloway, Ohio",Entrepreneur,Week 1
The Bachelor,14,Caitlyn McCabe,24,"Winfield, Illinois",Spokesmodel,Week 1
The Bachelor,14,Channy Choch,29,"Santa Rosa, California",Mortgage Loan Officer,Week 1
The Bachelor,14,Elizabeth Kreft (D.C.),29,"Union, Kentucky","Captain, Air National Guard",Week 1
The Bachelor,14,Emily Harkins,23,"West Chester, Ohio",Fitness Model,Week 1
The Bachelor,14,Kimberly Sullivan,24,"Norman, Oklahoma",NBA Dancer,Week 1
The Bachelor,14,Kirsten Pittman,25,"Aurora, Colorado",Waitress,Week 1
The Bachelor,14,Sheila Lidner,25,"Scottsdale, Arizona",Commercial Pilot,Week 1
The Bachelor,14,Stephanie Mueller,24,"Morris, Illinois",Dance Teacher,Week 1
The Bachelor,14,Tiana Kruzel,31,"Calgary, Alberta",Medical Technician,Week 1
The Bachelor,15,Emily Maynard,24,"Morgantown, West Virginia",Children's Hospital Event Planner,Winner
The Bachelor,15,Chantal O'Brien,28,"Mercer Island, Washington",Executive Assistant,Runner-up
The Bachelor,15,Ashley Hebert,26,"Madawaska, Maine",Dental Student,Week 9
The Bachelor,15,Shawntel Newton,25,"Chico, California",Funeral Director,Week 8
The Bachelor,15,Michelle Money,30,"Salt Lake City, Utah",Hairstylist,Week 7
The Bachelor,15,Britt Billmaier,25,"Woodinville, Washington",Food Writer,Week 7
The Bachelor,15,Jackie Gordon,26,"Newport, Rhode Island",Artist,Week 6
The Bachelor,15,"Allison ""Alli"" Travis",24,"Columbus, Ohio",Apparel Merchant,Week 6
The Bachelor,15,Lisa Morrisey,24,"Ottawa, Kansas",Marketing Coordinator,Week 5
The Bachelor,15,Marissa May,26,"Mesa, Arizona",Sports Publicist,Week 5
The Bachelor,15,Ashley Spivey,26,"Ellerbe, North Carolina",Nanny,Week 5
The Bachelor,15,Lindsay Hill,25,"Plano, Texas",First Grade Teacher,Week 4
The Bachelor,15,Meghan Merritt,30,"Princeton, New Jersey",Fashion Marketer,Week 4
The Bachelor,15,Stacey Quirpel,26,"Quincy, Massachusetts",Bartender,Week 4
The Bachelor,15,Kimberly Coon,27,"Orlando, Florida",Marketing Coordinator,Week 3
The Bachelor,15,Sarah Powell,27,"Denver, Colorado",Real Estate Broker,Week 3
The Bachelor,15,Madison Garton,25,"Vail, Colorado",Model,Week 3
The Bachelor,15,Keltie Busch,28,"Sherwood Park, Alberta",Radio City Rockette,Week 2
The Bachelor,15,Melissa Schreiber,32,"Westport, Connecticut",Waitress,Week 2
The Bachelor,15,Raichel Goodyear,29,"Fullerton, California",Manscaper,Week 2
The Bachelor,15,Britnee Marks,25,"Holland, Pennsylvania",Paralegal,Week 1
The Bachelor,15,Cristy Caserta,30,"Davie, Florida",Attorney,Week 1
The Bachelor,15,"Jessica ""J"" Adams",26,"Seattle, Washington",Operations Manager,Week 1
The Bachelor,15,Jill Ruskowski,28,"Frisco, Texas",Sales Director,Week 1
The Bachelor,15,Lacey Garbelman,27,"Tampa, Florida",Insurance Agent,Week 1
The Bachelor,15,Lauren Moore,26,"Culpeper, Virginia",High School Teacher,Week 1
The Bachelor,15,Lisa Pastrich,27,"Dix Hills, New York",Sales Consultant,Week 1
The Bachelor,15,Rebecca,30,"Mission Viejo, California",Esthetician,Week 1
The Bachelor,15,Renee Halpin,28,"Palos Hills, Illinois",Nanny,Week 1
The Bachelor,15,Sarah Ledtke,25,"Saginaw, Michigan",Musical Theatre Performer,Week 1
The Bachelor,16,Courtney Robertson,28,"Scottsdale, Arizona",Model,Winner
The Bachelor,16,Lindzi Cox,27,"Ocala, Florida",Business Development Manager,Runner-up
The Bachelor,16,Nicki Sterling,26,"Hurst, Texas",Dental Hygienist,Week 9
The Bachelor,16,Kacie Boguskie,24,"Clarksville, Tennessee",Administrative Assistant,Week 8
The Bachelor,16,Emily O'Brien,27,"Chapel Hill, North Carolina",PhD Student,Week 7
The Bachelor,16,Rachel Truehart,27,"Southampton, Massachusetts",Fashion Sales Representative,Week 7
The Bachelor,16,Jamie Otis,25,"Dryden, New York",Registered Nurse,Week 6
The Bachelor,16,Casey Shteamer,26,"Leawood, Kansas",Trading Clerk,Week 6
The Bachelor,16,Blakeley Jones ,34,"Rutherfordton, North Carolina",VIP Cocktail Waitress,Week 6
The Bachelor,16,Jennifer Fritsch,28,"Cache, Oklahoma",Accountant,Week 5
The Bachelor,16,Elyse Myers,24,"Chicago, Illinois",Personal Trainer,Week 5
The Bachelor,16,Monica Spannbauer,33,"Yuba, California",Dental Consultant,Week 4
The Bachelor,16,Samantha Levey,26,"Pittsburgh, Pennsylvania",Advertising Account Manager,Week 4
The Bachelor,16,Erika Uhlig,23,"Charlottesville, Virginia",Law Student,Week 3
The Bachelor,16,Jaclyn Swartz,27,"Newton, Massachusetts",Advertising Account Manager,Week 3
The Bachelor,16,Brittney Schreiner,26,"Colorado Springs, Colorado",Medical Sales Representative,Week 3
The Bachelor,16,Jenna Burke,27,"Loveland, Ohio",Blogger,Week 2
The Bachelor,16,Shawn Reynolds,28,"Cincinnati, Ohio",Financial Advisor,Week 2
The Bachelor,16,Amber Bacon,23,"Port Coquitlam, British Columbia",Labor and Delivery Nurse,Week 1
The Bachelor,16,Amber Tierney,28,"Waverly, Nebraska",Critical Care Nurse,Week 1
The Bachelor,16,Anna Snowball,25,"Grosse Pointe, Michigan",Student,Week 1
The Bachelor,16,Dianna Martinez,30,"San Gabriel, California",Nonprofit Director,Week 1
The Bachelor,16,Holly Johnson,34,"Salyersville, Kentucky",Pharmaceutical Sales Representative,Week 1
The Bachelor,16,Lyndsie James,29,"London, England",Internet Entrepreneur,Week 1
The Bachelor,16,Shira Astrof,35,"Massapequa Park, New York",Actress,Week 1
The Bachelor,17,Catherine Giudici,26,"Seattle, Washington",Graphic Designer,Winner
The Bachelor,17,Lindsay Yenter,24,"Fort Leonard Wood, Missouri",Substitute Teacher,Runner-up
The Bachelor,17,AshLee Frazier,32,"Houston, Texas",Personal Organizer,Week 9
The Bachelor,17,Desiree Hartsock,26,"Northglenn, Colorado",Bridal Stylist,Week 8
The Bachelor,17,Lesley Murphy,24,"Fort Smith, Arkansas",Political Consultant,Week 7
The Bachelor,17,Tierra LiCausi,24,"Las Vegas, Nevada",Leasing Consultant,Week 7
The Bachelor,17,Daniella McBride,24,"Belmont, California",Commercial Casting Associate,Week 6
The Bachelor,17,Selma Alameri,29,"Borrego Springs, California",Real Estate Dealer,Week 6
The Bachelor,17,Sarah Herron,26,"Evergreen, Colorado",Advertising Executive,Week 6
The Bachelor,17,Robyn Howard,24,"Topeka, Kansas",Oil Field Account Manager,Week 5
The Bachelor,17,"Jacqueline ""Jackie"" Parr",25,"Ormond Beach, Florida",Cosmetics Consultant,Week 5
The Bachelor,17,Amanda Meyer,26,"Bakersfield, California",Fit Model,Week 4
The Bachelor,17,Leslie Hughes,28,"Ruskin, Florida",Poker Dealer,Week 4
The Bachelor,17,"Kristina ""Kristy"" Kaminski",25,"Darien, Wisconsin",Model,Week 3
The Bachelor,17,Taryn Renee Daniels,30,"Troutdale, Oregon",Health Club Manager,Week 3
The Bachelor,17,Kacie Boguskie,25,"Clarksville, Tennessee",Administrative Assistant,Week 3
The Bachelor,17,Brooke Burchette,25,"Pittsburgh, Pennsylvania",Community Organizer,Week 2
The Bachelor,17,Diana Weeks Willardson,31,"Sandy, Utah",Salon Owner,Week 2
The Bachelor,17,"Katherine ""Katie"" Levans",27,"Woodstock, Illinois",Yoga Instructor,Week 2
The Bachelor,17,Ashley Harper,25,"Garner, North Carolina",Fashion Model,Week 1
The Bachelor,17,Ashley Palenkas,28,"Macomb, Michigan",Hair Stylist,Week 1
The Bachelor,17,Kelly Dutton,28,"Chattanooga, Tennessee",Cruise Ship Entertainer,Week 1
The Bachelor,17,Keriann Miranda,29,"Agoura Hills, California",Entrepreneur,Week 1
The Bachelor,17,Lacey Latka,24,"Stevenson Ranch, California",Graduate Student,Week 1
The Bachelor,17,Lauren Marchetti,27,"Cranston, Rhode Island",Journalist,Week 1
The Bachelor,17,Paige Vigil,25,"Minnetonka, Minnesota",Jumbotron Operator,Week 1
The Bachelor,18,Nikki Ferrell,26,"Kearney, Missouri",Pediatric Nurse,Winner
The Bachelor,18,Clare Crawley,32,"Sacramento, California",Hairstylist,Runner-up
The Bachelor,18,Andi Dorfman,26,"Buckhead, Georgia",Assistant District Attorney,Week 9
The Bachelor,18,Renee Oteri,32,"Sarasota, Florida",Real Estate Agent,Week 8
The Bachelor,18,Chelsie Webster,24,"Lexington, Ohio",Science Educator,Week 7
The Bachelor,18,Sharleen Joynt,29,"Ottawa, Ontario",Opera Singer,Week 7
The Bachelor,18,"Kathleen ""Kat"" Hurd",29,"Iowa City, Iowa",Medical Sales Rep,Week 6
The Bachelor,18,Cassandra Ferguson,22,"Rochester Hills, Michigan",Former NBA Dancer,Week 6
The Bachelor,18,"Allison ""Alli"" Restko",26,"Orland Park, Illinois",Nanny,Week 5
The Bachelor,18,Danielle Ronco,25,"Litchfield, Illinois",Psychiatric Nurse,Week 5
The Bachelor,18,Kelly Travis,27,"Conyers, Georgia",Dog Lover,Week 5
The Bachelor,18,Elise Mosca,27,"Forty Fort, Pennsylvania",First Grade Teacher,Week 4
The Bachelor,18,Lauren Solomon,26,"Clinton, Michigan",Music Composer,Week 4
The Bachelor,18,Christy Hansen,24,"Aurora, Illinois",Marketing Manager,Week 3
The Bachelor,18,"Lucinda ""Lucy"" Aragon",25,"Santa Barbara, California",Free Spirit,Week 3
The Bachelor,18,Amy Long,27,"Clermont, Florida",Local News Reporter,Week 2
The Bachelor,18,Chantel Forrest,27,"Miami, Florida",Account Manager,Week 2
The Bachelor,18,Victoria Lima,24,"Porto Alegre, Brazil",Legal Assistant,Week 2
The Bachelor,18,Alexis Morgado,24,"Tampa, Florida",Communications Director,Week 1
The Bachelor,18,Amy Jokinen,31,"Apopka, Florida",Massage Therapist,Week 1
The Bachelor,18,Ashley Poe,25,"Roanoke, Texas",Grade School Teacher,Week 1
The Bachelor,18,Christine Llano,23,"Miami, Florida",Police Support Specialist,Week 1
The Bachelor,18,Kylie Lewis,23,"Rockford, Illinois",Interior Designer,Week 1
The Bachelor,18,Lacy Faddoul,25,"Antelope Acres, California",Nursing Home Owner,Week 1
The Bachelor,18,Lauren Higginson,25,"Edmond, Oklahoma",Mineral Coordinator,Week 1
The Bachelor,18,Maggie Gantt,25,"Wagener, South Carolina",Personal Banker,Week 1
The Bachelor,18,Valerie Eredia,26,"Sutter, California",Personal Trainer,Week 1
The Bachelor,19,Whitney Bischoff,29,"Louisville, Kentucky",Fertility Nurse,Winner
The Bachelor,19,Becca Tilley,25,"Shreveport, Louisiana",Chiropractic Assistant,Runner-up
The Bachelor,19,Kaitlyn Bristowe,29,"Leduc, Alberta",Dance Instructor,Week 9
The Bachelor,19,Jade Roper,28,"Gering, Nebraska",Cosmetics Developer,Week 8
The Bachelor,19,Carly Waddell,29,"Arlington, Texas",Cruise Ship Singer,Week 7
The Bachelor,19,Britt Nilsson,27,"Wolcott Mills, Michigan",Waitress,Week 7
The Bachelor,19,Megan Bell,24,"Brentwood, Tennessee",Make-Up Artist,Week 6
The Bachelor,19,Kelsey Poe,28,"Hudsonville, Michigan",Guidance Counselor,Week 6
The Bachelor,19,Ashley Iaconetti,26,"Great Falls, Virginia",Journalist,Week 6
The Bachelor,19,Mackenzie Deonigi,21,"Maple Valley, Washington",Dental Assistant,Week 5
The Bachelor,19,Samantha Steffen,27,"Indianapolis, Indiana",Fashion Designer,Week 5
The Bachelor,19,Ashley Salter,24,"Vinings, Georgia",Hair Stylist,Week 4
The Bachelor,19,Juelia Kinney,30,"Beaverton, Oregon",Esthetician,Week 4
The Bachelor,19,Nikki Delventhal,26,"Hasbrouck Heights, New Jersey",Former NFL Cheerleader,Week 4
The Bachelor,19,Jillian Anderson,25,"Howland, Ohio",News Producer,Week 4
The Bachelor,19,Amber James,29,"Kankakee, Illinois",Bartender,Week 3
The Bachelor,19,Tracy Darakis,29,"Wellington, Florida",Fourth Grade Teacher,Week 3
The Bachelor,19,Trina Scherenberg,33,"Algonquin, Illinois",Special Education Teacher,Week 3
The Bachelor,19,Alissa Giambrone,24,"Hamilton, New Jersey",Flight Attendant,Week 2
The Bachelor,19,Jordan Branch,24,"Windsor, Colorado",Student,Week 2
The Bachelor,19,Kimberly Sherbach,28,"Wantagh, New York",Yoga Instructor,Week 2
The Bachelor,19,Tandra Steiner,30,"Sandy, Utah",Executive Assistant,Week 2
The Bachelor,19,Tara Eddings,26,"Fort Lauderdale, Florida",Sport Fishing Enthusiast,Week 2
The Bachelor,19,Amanda Goerlitz,24,"Lake in the Hills, Illinois",Ballet Teacher,Week 1
The Bachelor,19,Bo Stanley,25,"Carpinteria, California",Plus-Size Model,Week 1
The Bachelor,19,Brittany Fetkin,26,"Temecula, California",WWE Diva-in-Training,Week 1
The Bachelor,19,Kara Wilson,25,"Brownsville, Kentucky",High School Soccer Coach,Week 1
The Bachelor,19,Michelle Davis,25,"Provo, Utah",Wedding Cake Baker,Week 1
The Bachelor,19,Nicole Meacham,31,"Scottsdale, Arizona",Real Estate Agent,Week 1
The Bachelor,19,Reegan Cornwell,28,"Manhattan Beach, California",Cadaver Tissue Saleswoman,Week 1
The Bachelor,20,Lauren Bushnell,25,"West Linn, Oregon",Flight Attendant,Winner
The Bachelor,20,"Joelle ""JoJo"" Fletcher",24,"Dallas, Texas",Real Estate Developer,Runner-up
The Bachelor,20,Caila Quinn,24,"Hudson, Ohio",Software Sales Representative,Week 9
The Bachelor,20,Amanda Stanton,25,"Laguna Beach, California",Esthetician,Week 8
The Bachelor,20,Becca Tilley,26,"Shreveport, Louisiana",Chiropractic Assistant,Week 7
The Bachelor,20,Emily Ferguson,23,"Las Vegas, Nevada",Waitress,Week 7
The Bachelor,20,Lauren Himle,25,"Dexter, Michigan",Kindergarten Teacher,Week 6
The Bachelor,20,Olivia Caridi,23,"Austin, Texas",Former News Anchor,Week 6
The Bachelor,20,Leah Block,25,"Greenwood Village, Colorado",Event Planner,Week 6
The Bachelor,20,Jennifer Saviano,25,"Davie, Florida",Small Business Owner,Week 5
The Bachelor,20,Jubilee Sharpe,24,"Fort Lauderdale, Florida",War Veteran,Week 5
The Bachelor,20,Amber James,30,"Kankakee, Illinois",Bartender,Week 4
The Bachelor,20,Rachel Tchen,23,"Little Rock, Arkansas",Unemployed,Week 4
The Bachelor,20,Haley Ferguson,23,"Las Vegas, Nevada",Waitress,Week 4
The Bachelor,20,Jami Letain,23,"St. Albert, Alberta",Bartender,Week 3
The Bachelor,20,Shushanna Mkrtychyan,27,"Salt Lake City, Utah",Property Manager,Week 3
The Bachelor,20,Lace Morris,25,"Denver, Colorado",Real Estate Agent,Week 3
The Bachelor,20,"Jacqueline ""Jackie"" Dion",23,"Newport Beach, California",Gerontologist,Week 2
The Bachelor,20,"Amanda ""Mandi"" Kremer",28,"Portland, Oregon",Dentist,Week 2
The Bachelor,20,Samantha Passmore,26,"New Smyrna Beach, Florida",Attorney,Week 2
The Bachelor,20,"Lauren ""LB"" Barr",23,"Stillwater, Oklahoma",Fashion Buyer,Week 2
The Bachelor,20,Laura Esselman,24,"Louisville, Kentucky",Account Executive,Week 1
The Bachelor,20,Breanne Rice,30,"Seattle, Washington",Nutritional Therapist,Week 1
The Bachelor,20,Lauren Russell,26,"Houston, Texas",Math Teacher,Week 1
The Bachelor,20,"Isabel ""Izzy"" Goodkind",24,"Branford, Connecticut",Graphic Designer,Week 1
The Bachelor,20,Maegan Miller,30,"Visalia, California",Cowgirl,Week 1
The Bachelor,20,Jessica Moser,23,"Boca Raton, Florida",Accountant,Week 1
The Bachelor,20,Tiara Soleim,27,"Redmond, Washington",Chicken Enthusiast,Week 1
The Bachelor,21,Vanessa Grimaldi,29,"Montreal, Quebec",Special Education Teacher,Winner
The Bachelor,21,Raven Gates,25,"Hoxie, Arkansas",Fashion Boutique Owner,Runner-Up
The Bachelor,21,Rachel Lindsay,31,"Dallas, Texas",Attorney,Week 9
The Bachelor,21,Corinne Olympios,24,"Miami, Florida",Business Owner,Week 8
The Bachelor,21,Kristina Schulman,24,"Lexington, Kentucky",Dental Hygienist,Week 7
The Bachelor,21,Danielle Maltby,31,"Colgate, Wisconsin",Neonatal Nurse,Week 7
The Bachelor,21,Danielle Lombard,27,"Danville, California",Small Business Owner,Week 6
The Bachelor,21,Whitney Fransway,25,"Chanhassen, Minnesota",Pilates Instructor,Week 6
The Bachelor,21,Jasmine Goode,29,"Maplewood, New Jersey",Pro Basketball Dancer,Week 6
The Bachelor,21,Jaimi King,28,"New Orleans, Louisiana",Chef,Week 5
The Bachelor,21,Josephine Tutman,24,"Santa Cruz, California",Registered Nurse,Week 5
The Bachelor,21,Alexis Waters,23,"Secaucus, New Jersey",Aspiring Dolphin Trainer,Week 5
The Bachelor,21,Taylor Nolan,23,"Seattle, Washington",Mental Health Counselor,Week 5
The Bachelor,21,Astrid Loch,26,"Tampa, Florida",Plastic Surgery Office Manager,Week 4
The Bachelor,21,Sarah Vendal,26,"Palmdale, California",Grade School Teacher,Week 4
The Bachelor,21,Brittany Farrar,26,"Santa Monica, California",Travel Nurse,Week 3
The Bachelor,21,Christen Whitney,25,"Martinsville, Indiana",Wedding Videographer,Week 3
The Bachelor,21,Dominique Alexis,25,"Los Angeles, California",Restaurant Server,Week 3
The Bachelor,21,Lacey Mark,25,"Montville Township, New Jersey",Digital Marketing Manager,Week 2
The Bachelor,21,Hailey Merkt,23,"Vancouver, British Columbia",Photographer,Week 2
The Bachelor,21,Elizabeth Whitelaw,24,"New Trier, Illinois",Marketing Manager,Week 2
The Bachelor,21,"Elizabeth ""Liz"" Sandoz",29,"Scottsbluff, Nebraska",Doula,Week 2
The Bachelor,21,Angela Amezcua,26,"Cumberland, Maryland",Model,Week 1
The Bachelor,21,Jasmine Brown,25,"Tacoma, Washington",Flight Attendant,Week 1
The Bachelor,21,Olivia Burnette,25,"Anchorage, Alaska",Apparel Sales Representative,Week 1
The Bachelor,21,Ida Marie DeLosSantos,23,"Harlingen, Texas",Sales Manager,Week 1
The Bachelor,21,Briana Guertler,28,"Salt Lake City, Utah",Surgical Unit Nurse,Week 1
The Bachelor,21,Lauren Hussey,30,"Naples, Florida",Law School Graduate,Week 1
The Bachelor,21,Susannah Milan,26,"San Diego, California",Account Manager,Week 1
The Bachelor,21,Michelle Ramkissoon,24,"Los Angeles, California",Food Truck Owner,Week 1
The Bachelor,22,Becca Kufrin,27,"Prior Lake, Minnesota",Publicist,Winner
The Bachelor,22,Lauren Burnham,25,"Virginia Beach, Virginia",Technology Salesperson,Runner-up
The Bachelor,22,Kendall Long,26,"Santa Clarita, California",Creative Director,Week 9
The Bachelor,22,Tia Booth,26,"Weiner, Arkansas",Physical Therapist,Week 8
The Bachelor,22,Bekah Martinez,22,"Fresno, California",Nanny,Week 7
The Bachelor,22,Seinne Fleming,27,"Long Beach, California",Commercial Real Estate Agent,Week 7
The Bachelor,22,Jacqueline Trumbull,26,"Morgantown, West Virginia",Research Coordinator,Week 7
The Bachelor,22,Chelsea Roy,29,"South Portland, Maine",Real Estate Executive Assistant,Week 6
The Bachelor,22,Jenna Cooper,28,"Raleigh, North Carolina",Social Media Manager,Week 6
The Bachelor,22,Krystal Nielson,29,"Missoula, Montana",Fitness Coach,Week 6
The Bachelor,22,Ashley Luebke,25,"West Palm Beach, Florida",Real Estate Agent,Week 5
The Bachelor,22,Maquel Cooper,23,"American Fork, Utah",Photographer,Week 5
The Bachelor,22,Marikh Mathias,27,"Salt Lake City, Utah",Restaurant Owner,Week 5
The Bachelor,22,Brittany Taylor,30,"Belton, South Carolina",Tech Recruiter,Week 4
The Bachelor,22,Caroline Lunny,26,"Holliston, Massachusetts",Realtor,Week 4
The Bachelor,22,Bibiana Julian,30,"Miami, Florida",Executive Assistant,Week 3
The Bachelor,22,Annaliese Puccini,32,"San Mateo, California",Event Designer,Week 3
The Bachelor,22,Lauren Schleyer,31,"Dallas, Texas",Social Media Manager,Week 3
The Bachelor,22,"Jennifer ""Jenny"" Delaney",25,"Northbrook, Illinois",Graphic Designer,Week 2
The Bachelor,22,Lauren Griffin,26,"Indianapolis, Indiana",Executive Recruiter,Week 2
The Bachelor,22,Valerie Biles,26,"Nashville, Tennessee",Server,Week 2
The Bachelor,22,"Alison ""Ali"" Harrington",27,"Lawton, Oklahoma",Personal Stylist,Week 1
The Bachelor,22,Amber Wilkerson,29,"Denver, Colorado",Business Owner,Week 1
The Bachelor,22,"Brianna ""Bri"" Amaranthus",25,"Grants Pass, Oregon",Sports Reporter,Week 1
The Bachelor,22,Brittane Johnson,27,"San Diego, California",Marketing Manager,Week 1
The Bachelor,22,Jessica Carroll,26,"Calgary, Alberta, Canada",Television Host,Week 1
The Bachelor,22,Lauren Jarreau,33,"New Roads, Louisiana",Recent Master's Graduate,Week 1
The Bachelor,22,"D'Nysha ""Nysha"" Norris",30,"Anderson, South Carolina",Orthopedic Nurse,Week 1
The Bachelor,22,Olivia Goethals,23,"Geneseo, Illinois",Marketing Associate,Week 1
The Bachelor,23,Cassie Randolph,23,"Huntington Beach, California",Speech Pathologist,Winner
The Bachelor,23,Hannah Godwin,23,"Hoover, Alabama",Content Creator,Week 9
The Bachelor,23,Tayshia Adams,28,"Santa Ana, California",Phlebotomist,Week 9
The Bachelor,23,Caelynn Miller-Keyes,23,"Falmouth, Virginia",Miss North Carolina USA 2018,Week 8
The Bachelor,23,Kirpa Sudick,26,"Whittier, California",Dental Hygienist,Week 7
The Bachelor,23,Heather Martin,23,"Carlsbad, California",Never Been Kissed,Week 7
The Bachelor,23,Hannah Brown,24,"Northport, Alabama",Miss Alabama USA 2018,Week 7
The Bachelor,23,Katie Morton,26,"Oviedo, Florida",Medical Sales Representative,Week 6
The Bachelor,23,Demi Burnett,23,"Red Oak, Texas",Interior Designer,Week 6
The Bachelor,23,Sydney Lotuaco,27,"Virginia Beach, Virginia",NBA Dancer,Week 6
The Bachelor,23,Nicole Lopez-Alvar,25,"Miami, Florida",Social Media Coordinator,Week 5
The Bachelor,23,Onyeka Ehie,24,"Manhattan, Kansas",IT Risk Consultant,Week 5
The Bachelor,23,Elyse Dehlbom,31,"Soldotna, Alaska",Makeup Artist,Week 5
The Bachelor,23,Courtney Curtis,23,"McDonough, Georgia",Caterer,Week 4
The Bachelor,23,Tracy Shapoff,31,"Rochester, New York",Wardrobe Stylist,Week 4
The Bachelor,23,"Brianna ""Bri"" Barnes",24,"Los Angeles, California",Model,Week 3
The Bachelor,23,Catherine Agro,26,"Fort Lauderdale, Florida",DJ,Week 3
The Bachelor,23,Nina Bartula,30,"Raleigh, North Carolina",Sales Account Manager,Week 3
The Bachelor,23,Caitlin Clemmens,25,"Toronto, Ontario",Realtor,Week 3
The Bachelor,23,Alex Blumberg,29,"Vancouver, British Columbia",Dog Rescuer,Week 2
The Bachelor,23,Angelique Sherman,28,"Hamilton, New Jersey",Marketing Salesperson,Week 2
The Bachelor,23,Annie Reardon,23,"Mequon, Wisconsin",Financial Associate,Week 2
The Bachelor,23,Erika McNutt,25,"Encinitas, California",Recruiter,Week 2
The Bachelor,23,Alex Dillon,23,"Boston, Massachusetts",Sloth,Week 1
The Bachelor,23,Devin Gooden,23,"Atlanta, Georgia",Broadcast Journalist,Week 1
The Bachelor,23,Erin Landry,28,"Plano, Texas",Cinderella,Week 1
The Bachelor,23,"Adrianne ""Jane"" Averbukh",26,"West Hollywood, California",Social Worker,Week 1
The Bachelor,23,Laura Pellerito,26,"Dallas, Texas",Accountant,Week 1
The Bachelor,23,Revian Chang,24,"Austin, Texas",Nurse,Week 1
The Bachelor,23,Tahzjuan Hawkins,25,"Castle Pines, Colorado",Business Development Associate,Week 1
The Bachelor,24,Hannah Ann Sluss,23,"Powell, Tennessee",Model,Winner
The Bachelor,24,Madison Prewett,23,"Auburn, Alabama",Foster Parent Recruiter,Runner-up
The Bachelor,24,Victoria Fuller,26,"Virginia Beach, Virginia",Medical Sales Rep,Week 9
The Bachelor,24,Kelsey Weier,28,"Urbandale, Iowa",Professional Clothier,Week 8
The Bachelor,24,Kelley Flanagan,27,"North Barrington, Illinois",Attorney,Week 7
The Bachelor,24,Natasha Parker,31,"New York City, New York",Event Planner,Week 7
The Bachelor,24,Mykenna Dorn,22,"Langley, British Columbia",Fashion Blogger,Week 6
The Bachelor,24,Sydney Hightower,24,"Northport, Alabama",Retail Marketing Manager,Week 6
The Bachelor,24,Tammy Ly,24,"Syracuse, New York",House Flipper,Week 6
The Bachelor,24,Victoria Paul,27,"Alexandria, Louisiana",Nurse,Week 6
The Bachelor,24,Lexi Buchanan,26,"Jacksonville, Florida",Marketing Coordinator,Week 5
The Bachelor,24,Shiann Lewis,27,"Las Vegas, Nevada",Administrative Assistant,Week 5
The Bachelor,24,Deandra Kanu,23,"Bar Harbor, Maine",Home Care Coordinator,Week 4
The Bachelor,24,Kiarra Norman,23,"Kennesaw, Georgia",Nanny,Week 4
The Bachelor,24,Savannah Mullins,27,"Houston, Texas",Realtor,Week 4
The Bachelor,24,Alayah Benavidez,24,"Helotes, Texas",Orthodontist Assistant,Week 4
The Bachelor,24,Alexa Caves,27,"Springfield, Illinois",Esthetician,Week 3
The Bachelor,24,Jasmine Nguyen,25,"Houston, Texas",Client Relations Manager,Week 3
The Bachelor,24,Sarah Coffin,24,"Knoxville, Tennessee",Medical Radiographer,Week 3
The Bachelor,24,Courtney Perry,26,"Venice, Florida",Cosmetologist,Week 2
The Bachelor,24,Lauren Jones,26,"Glendale, California",Marketing Executive,Week 2
The Bachelor,24,Payton Moran,24,"Wellesley, Massachusetts",Business Development Rep,Week 2
The Bachelor,24,Avonlea Elkins,27,"Fort Worth, Texas",Cattle Rancher,Week 1
The Bachelor,24,Eunice Cho,23,"Chicago, Illinois",Flight Attendant,Week 1
The Bachelor,24,Jade Gilliland,26,"Mesa, Arizona",Flight Attendant,Week 1
The Bachelor,24,Jenna Serrano,22,"New Lenox, Illinois",Nursing Student,Week 1
The Bachelor,24,Katrina Badowski,28,"St. Charles, Illinois",Pro NBA Dancer,Week 1
The Bachelor,24,Kylie Ramos,26,"Davis, California",Entertainment Sales Associate,Week 1
The Bachelor,24,Maurissa Gunn,23,"Laurel, Montana",Patient Care Coordinator,Week 1
The Bachelor,24,Megan Hops,26,"San Bruno, California",Flight Attendant,Week 1
The Bachelorette,1,Ryan Sutter,28,"Vail, Colorado",Firefighter,Winner
The Bachelorette,1,Charlie Maher,28,"Hermosa Beach, California",Financial Analyst,Runner-up
The Bachelorette,1,Russell Woods,31,"San Rafael, California",Writer,Week 5
The Bachelorette,1,Greg T.,28,"Manhattan, New York",Importer,Week 4
The Bachelorette,1,Bob Guiney,31,"Ferndale, Michigan",Mortgage Broker,Week 3
The Bachelorette,1,Jamie Blyth,27,"Chicago, Illinois",Professional Basketball Player,Week 3
The Bachelorette,1,Mike,24,"Cincinnati, Ohio",Sales and Consulting,Week 3
The Bachelorette,1,Rob,29,"Dallas, Texas",Computer Programmer,Week 3
The Bachelorette,1,Brian C.,28,"Dallas, Texas",Mortgage Broker,Week 2
The Bachelorette,1,Brian S.,28,"Dallas, Texas",Sales Engineer,Week 2
The Bachelorette,1,Brook,29,"Dallas, Texas",Rodeo Cowboy,Week 2
The Bachelorette,1,Jack,27,"Pepper Pike, Ohio",Firefighter,Week 2
The Bachelorette,1,Jeff,25,"San Diego, California",Professional Football Player,Week 2
The Bachelorette,1,Josh,31,"Boca Raton, Florida",Radio Advertising Executive,Week 2
The Bachelorette,1,Brian H.,30,"Cleveland, Ohio",National Sales Manager,Week 2 (Quit)
The Bachelorette,1,Billy,28,"Hermosa Beach, California",Firefighter,Week 1
The Bachelorette,1,Brian K.,31,"San Francisco, California",Breast Implant Sales,Week 1
The Bachelorette,1,Chris,35,"Sugarloaf, Pennsylvania",V.P. of Auto Parts Company,Week 1
The Bachelorette,1,Duane,28,"Chisago City, Minnesota",Flight Instructor,Week 1
The Bachelorette,1,Eric,33,"St. Louis, Missouri",Commercial Pilot,Week 1
The Bachelorette,1,Gregg H.,34,"Freehold, New Jersey",Marble Company Owner,Week 1
The Bachelorette,1,Matt,42,"Marina Del Rey, California",Gym Owner,Week 1
The Bachelorette,1,Paul,26,"Honolulu, Hawaii",Telecommunications,Week 1
The Bachelorette,1,Peter,25,"Long Island, New York",Construction Business Owner,Week 1
The Bachelorette,1,Wayne,37,"Sacramento, California",Commercial Pilot,Week 1
The Bachelorette,2,Ian McKee,29,"New York, New York",Equity Research Sales,Winner
The Bachelorette,2,Matthew Hickl,28,"Friendswood, Texas",Pharmaceutical Sales Rep,Episode 8
The Bachelorette,2,Chad,31,"Buffalo, New York",Pharmaceutical Sales Rep,Episode 6
The Bachelorette,2,Lanny Lawrence,26,"Aubrey, Texas",Stallion and Breeding Manager,Episode 5
The Bachelorette,2,Brad,29,"Grand Rapids, Michigan",Pharmaceutical Sales Rep,Episode 4
The Bachelorette,2,Ryan M.,30,"Santa Barbara, California",Financial Advisor,Episode 4
The Bachelorette,2,Sean,31,"Wall, New Jersey",Certified Public Accountant,Episode 4
The Bachelorette,2,Rick,29,"San Diego, California",Business Manager,Episode 3
The Bachelorette,2,Ryan R.,29,"Wynola, California",Sales/Marketing,Episode 3
The Bachelorette,2,Todd,36,"San Francisco, California",Options Trader,Episode 3
The Bachelorette,2,Damon,28,"Cardiff, California",Arena Football Player,Episode 2
The Bachelorette,2,Eliot,25,"Mountain View, California",Options Trader,Episode 2
The Bachelorette,2,Harold Hersh,29,"Rock Island, Illinois",Professional Hockey Player,Episode 2
The Bachelorette,2,Marcus,26,"Los Angeles, California",Personal Trainer,Episode 2
The Bachelorette,2,Robert,32,"El Segundo, California",Alliance Development,Episode 2
The Bachelorette,2,Aaron,32,"Sacramento, California",Title and Escrow Sales,Episode 1
The Bachelorette,2,Andy Chang,33,"Dallas, Texas",Dentist,Episode 1
The Bachelorette,2,Anselm Clinard,32,"Venice, California",Art Designer,Episode 1
The Bachelorette,2,Brian,31,"Quincy, Massachusetts",Attorney,Episode 1
The Bachelorette,2,Chris,31,"Boston, Massachusetts",Accountant,Episode 1
The Bachelorette,2,Cory Higgins,24,"Long Beach Island, New Jersey",Small Business Owner,Episode 1
The Bachelorette,2,Jeff O'Quinn,30,"Macon, Georgia",Pharmaceutical Sales Rep,Episode 1
The Bachelorette,2,Justin,25,"Orlando, Florida",Professional Baseball Player,Episode 1
The Bachelorette,2,Keith,31,"Baltimore, Maryland",Financial Analyst,Episode 1
The Bachelorette,2,Trever,35,"North Wales, Pennsylvania",Restaurateur,Episode 1
The Bachelorette,3,Jerry Ferris,29,"Los Angeles, California",Art Gallery Director,Winner
The Bachelorette,3,John Paul Merritt,25,"Oklahoma City, Oklahoma",Entrepreneur,Episode 8
The Bachelorette,3,Ryan Sh.,28,"Manhattan Beach, California",Teacher,Episode 6
The Bachelorette,3,Wendell,32,"Chicago, Illinois",Entrepreneur,Episode 5
The Bachelorette,3,Fabrice Le Parc,25,"New York City, New York","Entrepreneur, Investor",Episode 4
The Bachelorette,3,Ben,26,"Aspen, Colorado",Ski Instructor,Episode 4
The Bachelorette,3,Josh Cox,28,"Murrieta, California",Professional Marathoner,Episode 3
The Bachelorette,3,Keith,28,"Encinitas, California",Welder,Episode 3
The Bachelorette,3,A.W.,27,"Newport Beach, California",Mortgage Consultant,Episode 2
The Bachelorette,3,Jason,29,"Fort Worth, Texas",Motivational Speaker,Episode 2
The Bachelorette,3,Mark,30,"Carlsbad, California",Commercial Finance,Episode 2
The Bachelorette,3,Matt M.,32,"Staten Island, New York",Firefighter,Episode 2
The Bachelorette,3,Michael Foster,31,"Monroe, Michigan",Teacher,Episode 2
The Bachelorette,3,Ryan Sm.,34,"New York City, New York",Lawyer,Episode 2
The Bachelorette,3,Stu,27,"New York City, New York",Lawyer,Episode 2
The Bachelorette,3,Andrew,37,"New York City, New York",Bartender,Episode 1
The Bachelorette,3,Andy LeRoy,29,"Steamboat Springs, Colorado",Ski Coach,Episode 1
The Bachelorette,3,Chris C.,27,"Campton, Kentucky",Hairdresser,Episode 1
The Bachelorette,3,Chris M.,33,"Cleveland, Ohio",Sports Agent,Episode 1
The Bachelorette,3,Collin,27,"Austin, Texas",Sports Agent,Episode 1
The Bachelorette,3,David,30,"Chicago, Illinois",Marketing Consultant,Episode 1
The Bachelorette,3,Eric H.,35,"New York City, New York",Magazine Editor,Episode 1
The Bachelorette,3,Eric T.,37,"San Diego, California",Firefighter,Episode 1
The Bachelorette,3,Kevin,26,"New York City, New York",Consultant,Episode 1
The Bachelorette,3,Matt L.,33,"Manhattan Beach, California",Lawyer,Episode 1
The Bachelorette,4,Jesse Csincsak,26,"Breckenridge, Colorado",Professional snowboarder,Winner
The Bachelorette,4,Jason Mesnick,31,"Cleveland, Ohio",Account executive,Runner-up
The Bachelorette,4,Jeremy Anderson,30,"Dallas, Texas",Real estate attorney,Week 7
The Bachelorette,4,Graham Bunn,29,"Raleigh, North Carolina",Professional basketball player,Week 6
The Bachelorette,4,Sean Ramey,33,"Louisville, Kentucky",Martial artist,Week 5
The Bachelorette,4,Blaine Twilley,33,"Tulsa, Oklahoma",Debt manager,Week 5
The Bachelorette,4,Brian Westendorf,31,"Balch Springs, Texas",High school football coach,Week 4
The Bachelorette,4,"Frederick ""Fred"" Greif",30,"Skokie, Illinois",Lawyer,Week 4
The Bachelorette,4,Robert Fair,28,"San Francisco, California",Chef,Week 4
The Bachelorette,4,Paul Brosseau,23,"Bonnyville, Alberta",Sales manager,Week 3
The Bachelorette,4,Ronald Mayer,36,"Greeley, Colorado",Barber shop owner,Week 3
The Bachelorette,4,Richard Mathy,27,"Sauquoit, New York",Science teacher,Week 3
The Bachelorette,4,"Christopher ""Chris"" Bradshaw",29,"Fort Worth, Texas",Medical sales rep.,Week 2
The Bachelorette,4,Eric Papachristos,32,"Boston, Massachusetts",Senior analyst,Week 2
The Bachelorette,4,Ryan Hoag,28,"Minneapolis, Minnesota",Professional football player,Week 2
The Bachelorette,4,Brian Winchester,29,"New Castle, Indiana",Computer network consultant,Week 1
The Bachelorette,4,Chandler Fulton,25,"Virginia Beach, Virginia",Insurance rep.,Week 1
The Bachelorette,4,Donato Capodanno,26,"Lexington, South Carolina",Sales rep.,Week 1
The Bachelorette,4,"Gregory ""Greg"" Matthew",28,"Rockport, Massachusetts",Personal trainer,Week 1
The Bachelorette,4,Jeffrey Harris,27,"Miami, Florida",Mathematics teacher,Week 1
The Bachelorette,4,"Jonathan ""Jon"" Konkel",35,"Williston, North Dakota",Resort manager,Week 1
The Bachelorette,4,Luke Hamilton,27,"Faith, North Carolina",Oyster farmer,Week 1
The Bachelorette,4,Patrick Carlson,26,"Glenwood, Illinois",Financial analyst,Week 1
The Bachelorette,4,Patrick Durrere,27,"Elmhurst, Illinois",Internet marketing,Week 1
The Bachelorette,4,Spero Stamboulis,38,"Ellington, Connecticut",Actor,Week 1
The Bachelorette,5,"Edward ""Ed"" Swiderski",29,"Monroe, Michigan",Technology Consultant,Winner
The Bachelorette,5,Kiptyn Locke,31,"Encinitas, California",Business Developer,Runner-up
The Bachelorette,5,Reid Rosenthal,30,"Upper Dublin, Pennsylvania",Realtor,Week 9
The Bachelorette,5,"Wesley ""Wes"" Hayden",32,"Huntsville, Texas",Musician,Week 8
The Bachelorette,5,Jesse Kovacs,27,"Carmel Valley, California",Wine Maker,Week 7
The Bachelorette,5,Michael Stagliano,25,"Tacoma, Washington",Break Dance Instructor,Week 7
The Bachelorette,5,"Jacob ""Jake"" Pavelka",31,"Denton, Texas",Commercial Pilot,Week 6
The Bachelorette,5,Tanner Pope,30,"Brownfield, Texas",Financial Analyst,Week 6
The Bachelorette,5,"Robert ""Robby"" Descant",25,"Spring, Texas",Bartender,Week 6
The Bachelorette,5,"Marcus ""Mark"" Huebner",26,"Woodstock, Illinois",Pizza Entrepreneur,Week 5
The Bachelorette,5,David Good,27,"West Alexandria, Ohio",Trucking Contractor,Week 4
The Bachelorette,5,Juan Barbieri,35,"Buenos Aires, Argentina",General Contractor,Week 4
The Bachelorette,5,"Michael ""Mike"" Steinberg",28,"New York, New York",Baseball Camp Owner,Week 4
The Bachelorette,5,"Bradley ""Brad"" Seberhagen",27,"Park Ridge, Illinois",Financial Advisor,Week 3
The Bachelorette,5,Tanner Fanello,28,"Derby, Kansas",Sales Representative,Week 3
The Bachelorette,5,"Alexander ""Sasha"" Petrovic",27,"Houston, Texas",Oil & Gas Consultant,Week 3
The Bachelorette,5,Brian Duke,32,"Birmingham, Alabama",IT Consultant,Week 2
The Bachelorette,5,Julien Hug,34,"San Diego, California",Restaurateur,Week 2
The Bachelorette,5,Mathue Johnson,25,"Andover, Kansas",Personal Trainer,Week 2
The Bachelorette,5,Simon Ambrose,26,"Bradford, England",Soccer Coach,Week 2
The Bachelorette,5,Adam Duvendeck,27,"Santa Barbara, California",Olympic Cyclist,Week 1
The Bachelorette,5,Bryan Vaderman,28,"Lawton, Oklahoma",High School Coach,Week 1
The Bachelorette,5,Bryce Harlow,31,"Fort Lauderdale, Florida",Furniture Dealer,Week 1
The Bachelorette,5,Caleb Kuhl,27,"Kansas City, Missouri",Photographer,Week 1
The Bachelorette,5,"Gregory ""Greg"" Bilbro",31,"Albuquerque, New Mexico",Entrepreneur,Week 1
The Bachelorette,5,John Hardesty,27,"Boise, Idaho",Branding Consultant,Week 1
The Bachelorette,5,John Presser,29,"Fort Wayne, Indiana",Marketing Specialist,Week 1
The Bachelorette,5,"Joshua ""Josh"" Yocam",25,"Tustin, California",Lifeguard,Week 1
The Bachelorette,5,Kyle Yauch,26,"Austin, Texas",Graphic Designer,Week 1
The Bachelorette,5,Stephen Reich,30,"Lexington, Massachusetts",Lawyer,Week 1
The Bachelorette,6,Roberto Martinez,26,"Tampa, Florida",Insurance Agent,Winner
The Bachelorette,6,Chris Lambton,33,"Dennis, Massachusetts",Landscaper,Runner-up
The Bachelorette,6,Frank Neuschaefer,31,"Bartlett, Illinois",Retail Manager,Week 9
The Bachelorette,6,Kirk DeWindt,27,"Green Bay, Wisconsin",Sales Consultant,Week 8
The Bachelorette,6,"Tyrone ""Ty"" Brown",31,"Booneville, Mississippi",Medical Sales,Week 7
The Bachelorette,6,Craig Robinson,27,"Langhorne, Pennsylvania",Lawyer,Week 6
The Bachelorette,6,Justin Rego,26,"Toronto, Ontario",Entertainment Wrestler,Week 6
The Bachelorette,6,Chris Nordhorn,29,"Winter Park, Florida",Entrepreneur,Week 5
The Bachelorette,6,Kasey Kahl,27,"Fresno, California",Advertising Account Executive,Week 5
The Bachelorette,6,Jesse Beck,24,"Peculiar, Missouri",General Contractor,Week 4
The Bachelorette,6,Jonathan Novack,30,"Boston, Massachusetts",Weatherman,Week 4
The Bachelorette,6,John Crivello,32,"Mukilteo, Washington",Hotel Business Development,Week 3
The Bachelorette,6,Steve Kocsis,28,"Chesterland, Ohio",Sales Representative,Week 3
The Bachelorette,6,Hunter Wagner,28,"Fair Oaks Ranch, Texas",Internet Account Executive,Week 3
The Bachelorette,6,Chris Hasek-Watt,27,"Campbell River, British Columbia",Real Estate Developer,Week 2
The Bachelorette,6,Craig McKinnon,34,"Sarnia, Ontario",Dental Sales,Week 2
The Bachelorette,6,Tyler Vermette,25,"Chelsea, Vermont",Online Advertising,Week 2
The Bachelorette,6,Vic,22,"Arlington, Virginia",Sales Manager,Week 1
The Bachelorette,6,Derrick Schuster,27,"Manhattan Beach, California",Construction Engineer,Week 1
The Bachelorette,6,Jason Whitehead,27,"Johnson City, Tennessee",Construction Consultant,Week 1
The Bachelorette,6,"Jason ""Jay"" Resmini",29,"Barrington, Rhode Island",Lawyer,Week 1
The Bachelorette,6,John Nichols,27,"Wichita, Kansas",Engineering Software Sales,Week 1
The Bachelorette,6,Kyle Higgins,26,"Highlands Ranch, Colorado",Outdoorsman,Week 1
The Bachelorette,6,Phil Kayden,30,"Elmore, Ohio",Investment Manager,Week 1
The Bachelorette,6,Tyler Morrow,25,"Helena, Montana",Catering Manager,Week 1
The Bachelorette,7,"Jordan Paul ""J.P."" Rosenbaum",34,"Roslyn, New York",Construction Manager,Winner
The Bachelorette,7,"Benjamin ""Ben"" Flajnik",28,"Sonoma, California",Wine Maker,Runner-up
The Bachelorette,7,Constantine Tzortzis ,30,"Atlanta, Georgia",Restaurant Owner,Week 9
The Bachelorette,7,Ames Brown,31,"Chadds Ford, Pennsylvania",Portfolio Manager,Week 8
The Bachelorette,7,Lucas Daniels,30,"Odessa, Texas",Oilfield Equipment Distributor,Week 7
The Bachelorette,7,Ryan Park,31,"San Luis Obispo, California",Solar Energy Executive,Week 7
The Bachelorette,7,Blake Julian,27,"Steamboat Springs, Colorado",Dentist,Week 6
The Bachelorette,7,"Ryan ""Mickey"" McLean",31,"Rochester, New York",Chef,Week 6
The Bachelorette,7,"Nicholas ""Nick"" Peterson",26,"Odessa, Florida",Personal Trainer,Week 5
The Bachelorette,7,William Holman,30,"Fostoria, Ohio",Cellular Phone Salesman,Week 5
The Bachelorette,7,"Benjamin ""Ben"" Castoriano",28,"Lake Charles, Louisiana",Lawyer,Week 5
The Bachelorette,7,"Weston ""West"" Lee",30,"Walhalla, South Carolina",Lawyer,Week 4
The Bachelorette,7,"Christopher ""Chris"" Drish",25,"Moline, Illinois",Sports Marketing Coordinator,Week 3
The Bachelorette,7,"Jeffrey ""Jeff"" Medolla",35,"St. Louis, Missouri",Entrepreneur,Week 3
The Bachelorette,7,Bentley Williams,28,"Alpine, Utah",Businessman,Week 3
The Bachelorette,7,"Matthew ""Matt"" Colombo",28,"Bridgewater, Massachusetts",Office Supply Salesman,Week 2
The Bachelorette,7,Ryan Miller,27,"Novi, Michigan",Constructor Estimator,Week 2
The Bachelorette,7,Stephen D'Amico,27,"Portland, Connecticut",Hairstylist,Week 2
The Bachelorette,7,Anthony Santucci,28,"Saddle River, New Jersey",Butcher,Week 1
The Bachelorette,7,"Christian ""Chris"" Malhomme",27,"Gibbons, Alberta",Construction Company CEO,Week 1
The Bachelorette,7,"Francis ""Frank"" Carpenter",29,"Anchorage, Alaska",College Admissions Director,Week 1
The Bachelorette,7,"Jonathan ""Jon"" Ellsworth",26,"Vancouver, Washington",E-Commerce Executive,Week 1
The Bachelorette,7,Michael Burns,29,"Providence, Rhode Island",Technology Salesman,Week 1
The Bachelorette,7,"Robert ""Rob"" Dahm",27,"Monroe, Michigan",Technology Executive,Week 1
The Bachelorette,7,"Timothy ""Tim"" McCormack",35,"Massapequa, New York",Liquor Distributor,Week 1
The Bachelorette,8,"Jeffrey ""Jef"" Holm",27,"St. George, Utah",Entrepreneur,Winner
The Bachelorette,8,"Arie Luyendyk, Jr.",30,"Scottsdale, Arizona",Race Car Driver,Runner-up
The Bachelorette,8,Sean Lowe,28,"Irving, Texas",Insurance Agent,Week 9
The Bachelorette,8,"Christopher ""Chris"" Bukowski",25,"Chicago, Illinois",Corporate Sales Director,Week 8
The Bachelorette,8,John Wolfner,30,"Creve Coeur, Missouri",Data Destruction Specialist,Week 7
The Bachelorette,8,"Douglas ""Doug"" Clerget",33,"Tacoma, Washington",Single Dad/Real Estate Agent,Week 7
The Bachelorette,8,Ryan Bowers,31,"Evans, Georgia",Pro Sports Trainer,Week 6
The Bachelorette,8,Travis Pope,30,"Madison, Mississippi",Advertising Sales Representative,Week 6
The Bachelorette,8,Alejandro Velez,25,"San Francisco, California",Mushroom Farmer,Week 5
The Bachelorette,8,Kalon McMahon,27,"Houston, Texas",Luxury Brand Consultant,Week 5
The Bachelorette,8,"Charles ""Charlie"" Grogan",32,"Worcester, Massachusetts",Recruiter,Week 4
The Bachelorette,8,Michael Nance,26,"Austin, Texas",Rehab Counselor,Week 4
The Bachelorette,8,"Nathaniel ""Nathan"" Baake",25,"Casa Grande, Arizona",Accountant,Week 4
The Bachelorette,8,"Stephen ""Stevie"" Alberino",26,"Monroe Township, New Jersey",Party M.C.,Week 3
The Bachelorette,8,Alessandro Goulart,30,"Saint Paul, Minnesota",Grain Merchant,Week 3
The Bachelorette,8,"Anthony ""Tony"" Pieper",31,"Beaverton, Oregon",Single Dad/Lumber Trader,Week 3
The Bachelorette,8,Aaron Martell,36,"North Sydney, Nova Scotia",Biology Teacher,Week 2
The Bachelorette,8,Kyle Dillon,29,"Long Beach, California",Financial Adviser,Week 2
The Bachelorette,8,"Joseph ""Joe"" Gendreau",27,"Orlando, Florida",Field Energy Adviser,Week 2
The Bachelorette,8,Brent Richter,41,"Midland, Texas",Technology Salesman,Week 1
The Bachelorette,8,David Homyk,33,"Charlottesville, Virginia",Singer/Songwriter,Week 1
The Bachelorette,8,Jackson Longnecker,29,"Lockport, Illinois",Fitness Model,Week 1
The Bachelorette,8,Jean-Paul LaCount,35,"Moraga, California",Marine Biologist,Week 1
The Bachelorette,8,Lerone Anu,29,"Laguna Beach, California",Real Estate Consultant,Week 1
The Bachelorette,8,Randy Lee Woyak,30,"Oak Creek, Wisconsin",Marketing Manager,Week 1
The Bachelorette,9,Chris Siegfried,27,"McMinnville, Oregon",Mortgage Broker,Winner
The Bachelorette,9,Drew Kenney,27,"Scottsdale, Arizona",Digital Marketing Analyst,Runner-Up
The Bachelorette,9,Brooks Forester,28,"Blackfoot, Idaho",Sales Rep,Week 9
The Bachelorette,9,Zak Waddell,31,"Arlington, Texas",Drilling Fluid Engineer,Week 8
The Bachelorette,9,Michael Garofola,33,"Lindenhurst, New York",Federal Prosecutor,Week 7
The Bachelorette,9,James Case,27,"Marietta, Georgia",Advertising Executive,Week 6
The Bachelorette,9,Juan Pablo Galavis,31,"Barquisimeto, Venezuela",Former Pro Soccer Player,Week 6
The Bachelorette,9,Kasey Stewart,29,"Tulsa, Oklahoma",Advertising Executive,Week 6
The Bachelorette,9,Mikey Tenerelli,30,"Glen Ellyn, Illinois",Plumbing Contractor,Week 5
The Bachelorette,9,Ben Scott,28,"Lubbock, Texas",Entrepreneur,Week 5
The Bachelorette,9,Bryden Vukasin,26,"Havre, Montana",Iraq War Veteran,Week 5
The Bachelorette,9,Zack Kalter,28,"Phillips Ranch, California",Book Publisher,Week 4
The Bachelorette,9,Brad McKinzie,27,"Denver, Colorado",Accountant/DJ,Week 4
The Bachelorette,9,Brandon Andreen,26,"Blaine, Minnesota",Painting Contractor,Week 3
The Bachelorette,9,Dan Cox,30,"Dublin, California",Beverage Sales Director,Week 3
The Bachelorette,9,Brian Jarosinski,29,"Olney, Maryland",Financial Advisor,Week 3
The Bachelorette,9,Nick Mucci,27,"Rochester, New York",Investment Adviser,Week 2
The Bachelorette,9,Robert Graham,30,"Glendale, Arizona",Advertising Entrepreneur,Week 2
The Bachelorette,9,Will Reese,28,"Federal Way, Washington",Banker,Week 2
The Bachelorette,9,Diogo Custodio,29,"Penha, Brazil",Ski Resort Manager,Week 1
The Bachelorette,9,Larry Burchett,34,"Overland Park, Kansas",ER Doctor,Week 1
The Bachelorette,9,Micah Heisler,32,"Detroit Lakes, Minnesota",Law Student,Week 1
The Bachelorette,9,Mike R.,28,"London, England",Dental Student,Week 1
The Bachelorette,9,Nick Roy,26,"Ridgefield, Connecticut",Tailor/Magician,Week 1
The Bachelorette,9,Jonathan Vollinger,26,"Hickory, North Carolina",Lawyer,Week 1
The Bachelorette,10,Josh Murray,29,"Tampa, Florida",Former Professional Baseball Player,Winner
The Bachelorette,10,Nick Viall,33,"Waukesha, Wisconsin",Software Sales Executive,Runner-up
The Bachelorette,10,Chris Soules,32,"Arlington, Iowa",Farmer,Week 9
The Bachelorette,10,Marcus Grodd,25,"Medicine Hat, Alberta",Sports Medicine Manager,Week 8
The Bachelorette,10,Brian Osborne,27,"Camp Hill, Pennsylvania",Basketball Coach,Week 7
The Bachelorette,10,Dylan Petitt,26,"Longmeadow, Massachusetts",Accountant,Week 7
The Bachelorette,10,"Joseph John ""J.J."" O'Brien",30,"Hanover, Massachusetts",Pantsapreneur,Week 6
The Bachelorette,10,Cody Sattler,28,"Oakley, Kansas",Personal Trainer,Week 6
The Bachelorette,10,Andrew Poole,30,"Portola Valley, California",Social Media Marketer,Week 5
The Bachelorette,10,Marquel Martin,26,"Rialto, California",Sponsorship Salesman,Week 5
The Bachelorette,10,Patrick Jagodzinski,29,"Clinton, New Jersey",Advertising Executive,Week 5
The Bachelorette,10,Tasos Hernandez,30,"Denver, Colorado",Wedding Event Coordinator,Week 4
The Bachelorette,10,Eric Hill,31,"Citrus Heights, California",Explorer,Week 4
The Bachelorette,10,Bradley Wisk,32,"Grosse Pointe, Michigan",Opera Singer,Week 3
The Bachelorette,10,Brett Melnick,29,"Warminster, Pennsylvania",Hairstylist,Week 3
The Bachelorette,10,Ron Worrell,28,"Nahariya, Israel",Beverage Sales Manager,Week 3
The Bachelorette,10,Carl King,30,"Hollywood, California",Firefighter,Week 2
The Bachelorette,10,Craig Muhlbauer,29,"Defiance, Iowa",Tax Accountant,Week 2
The Bachelorette,10,Nick Sutter,27,"Barrington, Illinois",Professional Golfer,Week 2
The Bachelorette,10,Emil Schaffroth,33,"Portland, Oregon",Helicopter Pilot,Week 1
The Bachelorette,10,Jason Leep,35,"Sturgeon Bay, Wisconsin",Urgent Care Physician,Week 1
The Bachelorette,10,Josh Bauer,29,"Evergreen, Colorado",Telecommunication Marketer,Week 1
The Bachelorette,10,Mike Campanelli,29,"Guilderland, New York",Bartender,Week 1
The Bachelorette,10,Rudie Dane,31,"Yorba Linda, California",Attorney,Week 1
The Bachelorette,10,Steven Woolworth,30,"Meadow Vista, California",Snowboard Product Developer,Week 1
The Bachelorette,11,Shawn Booth,28,"Windsor Locks, Connecticut",Personal Trainer,Winner
The Bachelorette,11,Nick Viall,34,"Waukesha, Wisconsin",Software Sales Executive,Runner-up
The Bachelorette,11,Ben Higgins,26,"Warsaw, Indiana",Software Salesman,Week 8
The Bachelorette,11,Jared Haibon,26,"Warwick, Rhode Island",Restaurant Manager,Week 7
The Bachelorette,11,Joe Bailey,28,"Glasgow, Kentucky",Insurance Agent,Week 7
The Bachelorette,11,Chris Strandburg,28,"Granite Bay, California",Dentist,Week 7
The Bachelorette,11,Ben Zorn,26,"Falls Church, Virginia",Fitness Coach,Week 6
The Bachelorette,11,Tanner Tolbert,28,"Stilwell, Kansas",Auto Finance Manager,Week 6
The Bachelorette,11,"John ""J.J."" Lane III",32,"Dacono, Colorado",Former Investment Banker,Week 6
The Bachelorette,11,Joshua Albers,31,"Kuna, Idaho",Industrial Welder,Week 5
The Bachelorette,11,Justin Reich,28,"Elgin, Illinois",Fitness Trainer,Week 5
The Bachelorette,11,Ian Thomson,28,"Ramsey, New Jersey",Executive Recruiter,Week 5
The Bachelorette,11,Corey Stansell,30,"New York, New York",Investment Banker,Week 4
The Bachelorette,11,Jonathan Holloway,33,"Sylvan Lake, Michigan",Automotive Spokesman,Week 4
The Bachelorette,11,Ryan Beckett,32,"Wellington, Florida",Realtor,Week 4
The Bachelorette,11,Clint Arlis,27,"Batavia, Illinois",Architectural Engineer,Week 3
The Bachelorette,11,Tony Harris,35,"St. Louis, Missouri",Healer,Week 3
The Bachelorette,11,Cory Shivar,35,"Seven Springs, North Carolina",Residential Developer,Week 2
The Bachelorette,11,Daniel Finney,28,"Nashville, Tennessee",Fashion Designer,Week 2
The Bachelorette,11,Kupah James,32,"Boston, Massachusetts",Entrepreneur,Week 2
The Bachelorette,11,Bradley Cox,25,"Duluth, Georgia",International Auto Shipper,Week 1
The Bachelorette,11,David,28,"Orlando, Florida",Real Estate Agent,Week 1
The Bachelorette,11,Josh Seiter,27,"Chicago, Illinois",Law Student/Exotic Dancer,Week 1
The Bachelorette,11,Shawn Evans,31,"London, Ontario",Amateur Sex Coach,Week 1
The Bachelorette,11,Brady Toops,33,"Wauseon, Ohio",Singer/Songwriter,Week 1
The Bachelorette,11,Ryan McDill,28,"Kansas City, Missouri",Junkyard Specialist,Week 1
The Bachelorette,12,Jordan Rodgers,27,"Chico, California",Former Pro Quarterback,Winner
The Bachelorette,12,"Robert ""Robby"" Hayes",27,"St. Augustine, Florida",Former Competitive Swimmer,Runner-up
The Bachelorette,12,Chase McNary,27,"Castle Rock, Colorado",Medical Sales Rep,Week 9
The Bachelorette,12,Luke Pell,31,"Burnet, Texas",War Veteran,Week 8
The Bachelorette,12,James Taylor,29,"Denver, Colorado",Singer-Songwriter,Week 7
The Bachelorette,12,"Alexander ""Alex"" Woytkiw",25,"Oceanside, California",U.S. Marine,Week 7
The Bachelorette,12,Derek Peth,29,"Waverly, Iowa",Commercial Banker,Week 6
The Bachelorette,12,Wells Adams,31,"Monterey, California",Radio DJ,Week 6
The Bachelorette,12,Evan Bass,33,"Hartford, Connecticut",Erectile Dysfunction Specialist,Week 5
The Bachelorette,12,Grant Kemp,27,"San Francisco, California",Firefighter,Week 5
The Bachelorette,12,"Vincent ""Vinny"" Ventiera",28,"Kings Park, New York",Barber,Week 5
The Bachelorette,12,Daniel Maguire,31,"Lions Bay, British Columbia",Male Model,Week 4
The Bachelorette,12,James Fuertes,34,"Franklin, Tennessee",Boxing Club Owner,Week 4
The Bachelorette,12,"Brian ""Chad"" Johnson",28,"Jenks, Oklahoma",Luxury Real Estate Agent,Week 4
The Bachelorette,12,Ali Zahiri,27,"Santa Monica, California",Bartender,Week 3
The Bachelorette,12,Christian Bishop,26,"Los Angeles, California",Telecom Consultant,Week 3
The Bachelorette,12,"Nicholas ""Nick"" Benvenutti",33,"Carthage, Illinois",Electrical Engineer,Week 3
The Bachelorette,12,Brandon Howell,28,"Marysville, Washington",Hipster,Week 2
The Bachelorette,12,James Spadafore,27,"Phoenix, Arizona",Bachelor Superfan,Week 2
The Bachelorette,12,"William ""Will"" Haduch",26,"Jersey City, New Jersey",Civil Engineer,Week 2
The Bachelorette,12,"Colin ""Coley"" Knust",27,"Chicago, Illinois",Real Estate Consultant,Week 1
The Bachelorette,12,Jake Patton,26,"Playa Vista, California",Landscape Architect,Week 1
The Bachelorette,12,Jonathan Hamilton,29,"Vancouver, British Columbia",Technical Sales Rep,Week 1
The Bachelorette,12,"Nicholas ""Nick"" Sharp",26,"San Francisco, California",Software Salesman,Week 1
The Bachelorette,12,Peter Medina,26,"Rockdale, Illinois",Staffing Agency Manager,Week 1
The Bachelorette,12,"Salvatore ""Sal"" DeJulio",28,"Hubbard, Ohio",Operations Manager,Week 1
The Bachelorette,13,Bryan Abasolo,37,"Miami, Florida",Chiropractor,Winner
The Bachelorette,13,Peter Kraus ,31,"Madison, Wisconsin",Business Owner,Runner-Up
The Bachelorette,13,Eric Bigger,29,"Baltimore, Maryland",Personal Trainer,Week 9
The Bachelorette,13,Dean Unglert,26,"Aspen, Colorado",Startup Recruiter,Week 8
The Bachelorette,13,Adam Gottschalk,27,"Dallas, Texas",Real Estate Agent,Week 7
The Bachelorette,13,"Matthew ""Matt"" Munson",32,"Meriden, Connecticut",Construction Sales Rep,Week 7
The Bachelorette,13,"Aleksandr ""Alex"" Bordyukov",28,"Grosse Pointe, Michigan",Information Systems Supervisor,Week 6
The Bachelorette,13,"William ""Will"" Gaskins",28,"White Plains, New York",Sales Manager,Week 6
The Bachelorette,13,Kenny Layne,35,"Orlando, Florida",Professional Wrestler,Week 6
The Bachelorette,13,Anthony Battle,26,"Chicago, Illinois",Education Software Manager,Week 5
The Bachelorette,13,Josiah Graham,28,"Plantation, Florida",Prosecuting Attorney,Week 5
The Bachelorette,13,Lee Garrett,30,"Jacksonville, Florida",Singer/Songwriter,Week 5
The Bachelorette,13,"Ignacio ""Iggy"" Rodriguez",30,"Pasadena, California",Consulting Firm CEO,Week 4
The Bachelorette,13,Jonathan Treece,31,"Paragould, Arkansas",Tickle Monster,Week 4
The Bachelorette,13,Jack Stone,32,"Dallas, Texas",Attorney,Week 4
The Bachelorette,13,Brady Ervin,29,"Eden Prairie, Minnesota",Male Model,Week 3
The Bachelorette,13,"Kenneth ""Diggy"" Moreland",31,"Chicago, Illinois",Senior Inventory Analyst,Week 3
The Bachelorette,13,Bryce Powers,30,"Orlando, Florida",Firefighter,Week 3
The Bachelorette,13,"Frederick ""Fred"" Johnson",27,"Dallas, Texas",Executive Assistant,Week 3
The Bachelorette,13,Blake Elarbee,31,"Marina del Rey, California",Aspiring Drummer,Week 2
The Bachelorette,13,"James ""Jamey"" Kocan",32,"Santa Monica, California",Sales Account Executive,Week 2
The Bachelorette,13,Lucas Yancey,30,"Woodside, California",Whaboom,Week 2
The Bachelorette,13,DeMario Jackson,30,"Century City, California",Executive Recruiter,Week 2
The Bachelorette,13,Jedidiah Ballard,35,"Augusta, Georgia",ER Physician,Week 1
The Bachelorette,13,Michael Black,26,"Chicago, Illinois",Former Professional Basketball Player,Week 1
The Bachelorette,13,"Robert ""Rob"" Howard",30,"Calgary, Alberta",Law Student,Week 1
The Bachelorette,13,Grant Hubsher,29,"Palm Harbor, Florida",Emergency Medicine Physician,Week 1
The Bachelorette,13,Blake Killpack,29,"San Francisco, California",U.S. Marine Veteran,Week 1
The Bachelorette,13,Milton LaCroix,31,"North Bay Village, Florida",Hotel Recreation Supervisor,Week 1
The Bachelorette,13,Mohit Sehgal,26,"Pacifica, California",Product Manager,Week 1
The Bachelorette,13,Kyle Sherwood,26,"Stratford, Connecticut",Marketing Consultant,Week 1
The Bachelorette,14,Garrett Yrigoyen,29,"St. Petersburg, Florida",Fitness Coach,Winner
The Bachelorette,14,Blake Horstmann,28,"Bailey, Colorado",Sales Rep,Runner-up
The Bachelorette,14,Jason Tartick,29,"Buffalo, New York",Senior Corporate Banker,Week 9
The Bachelorette,14,Colton Underwood,26,"Washington, Illinois",Former Pro Football Player,Week 8
The Bachelorette,14,"William ""Wills"" Reid",29,"Los Angeles, California",Graphic Designer,Week 7
The Bachelorette,14,"Leandro ""Leo"" Dottavio",31,"Los Angeles, California",Actor,Week 7
The Bachelorette,14,Connor Obrochta,25,"St. Petersburg, Florida",Fitness Coach,Week 6
The Bachelorette,14,Lincoln Adim,26,"Boston, Massachusetts",Account Sales Executive,Week 6
The Bachelorette,14,Chris Randone,30,"Orlando, Florida",Sales Trainer,Week 6
The Bachelorette,14,John Graham,28,"Chicago, Illinois",Software Engineer,Week 5
The Bachelorette,14,Jordan Kimball,26,"Crystal River, Florida",Male Model,Week 5
The Bachelorette,14,David Ravitz,25,"Cherry Hill, New Jersey",Venture Capitalist,Week 5
The Bachelorette,14,Christon Staples,31,"Los Angeles, California",Former Harlem Globetrotter,Week 4
The Bachelorette,14,"Nicholas ""Nick"" Spetsas",27,"Palm Coast, Florida",Attorney,Week 4
The Bachelorette,14,Jean Blanc,31,"Boston, Massachusetts",Colognoisseur,Week 4
The Bachelorette,14,"Michael ""Mike"" Renner",27,"Cincinnati, Ohio",Sports Analyst,Week 3
The Bachelorette,14,Ryan Peterson,26,"Mashpee, Massachusetts",Banjoist,Week 3
The Bachelorette,14,Clay Harbor,30,"Chicago, Illinois",Pro Football Player,Week 3
The Bachelorette,14,Alex Templeman,31,"Atlanta, Georgia",Construction Manager,Week 2
The Bachelorette,14,Rickey Jasper,27,"Ashburn, Virginia",IT Consultant,Week 2
The Bachelorette,14,Trent Jespersen,28,"Carroll, Iowa",Realtor,Week 2
The Bachelorette,14,Chase Vergason,27,"Sanford, Florida",Advertising Vice President,Week 1
The Bachelorette,14,Christian Estrada,28,"San Diego, California",Banker,Week 1
The Bachelorette,14,Darius Feaster,26,"Sherman Oaks, California",Pharmaceutical Sales Rep,Week 1
The Bachelorette,14,Grant Vandevanter,27,"Danville, California",Electrician,Week 1
The Bachelorette,14,Joe Amabile,31,"Chicago, Illinois",Grocery Store Owner,Week 1
The Bachelorette,14,Kamil Nicalek,30,"Monroe, New York",Social Media Participant,Week 1
The Bachelorette,14,Jake Enyeart,29,"Minneapolis, Minnesota",Marketing Consultant,Week 1
The Bachelorette,15,Jed Wyatt ,27,"Nashville, Tennessee",Singer/Songwriter,Winner
The Bachelorette,15,Tyler Cameron,26,"Jupiter, Florida",General Contractor/Model,Runner-up
The Bachelorette,15,Peter Weber,27,"Westlake Village, California",Pilot,Week 9
The Bachelorette,15,Luke Parker,24,"Gainesville, Georgia",Import/Export Manager,Week 9
The Bachelorette,15,Garrett Powell,27,"Homewood, Alabama",Golf Pro,Week 7
The Bachelorette,15,Mike Johnson,31,"San Antonio, Texas",Portfolio Manager,Week 7
The Bachelorette,15,Connor Saeli,24,"Birmingham, Michigan",Investment Analyst,Week 7
The Bachelorette,15,Dustin Kendrick,30,"Chicago, Illinois",Real Estate Broker,Week 6
The Bachelorette,15,Dylan Barbour,24,"San Diego, California",Tech Entrepreneur,Week 6
The Bachelorette,15,Devin Harris,27,"Sherman Oaks, California",Talent Manager,Week 5
The Bachelorette,15,Grant Eckel,30,"San Clemente, California",Unemployed,Week 5
The Bachelorette,15,Kevin Fortenberry,27,"Manteno, Illinois",Behavioral Health Specialist,Week 5
The Bachelorette,15,John Paul Jones,24,"Lanham, Maryland",Financial Analyst,Week 4
The Bachelorette,15,Matteo Valles,25,"Atlanta, Georgia",Management Consultant,Week 4
The Bachelorette,15,Luke Stone,29,"Marion, Massachusetts",Political Consultant,Week 4
The Bachelorette,15,"Cameron ""Cam"" Ayala",30,"Austin, Texas",Software Sales,Week 3
The Bachelorette,15,Joey Jones,33,"Bethesda, Maryland",Finance Manager,Week 3
The Bachelorette,15,Jonathan Saunders,27,"Los Angeles, California",Server,Week 3
The Bachelorette,15,Tyler Gwozdz†,28,"Boca Raton, Florida",Psychology Graduate Student,Week 3
The Bachelorette,15,Connor Jenkins,28,"Newport Beach, California",Sales Manager,Week 2
The Bachelorette,15,Daron Blaylock,25,"Buckhead, Georgia",IT Consultant,Week 2
The Bachelorette,15,Matthew Spraggins,23,"Newport Beach, California",Car Bid Spotter,Week 2
The Bachelorette,15,Brian Bowles,30,"Louisville, Kentucky",Math Teacher,Week 1
The Bachelorette,15,Chasen Coscia,27,"Ann Arbor, Michigan",Pilot,Week 1
The Bachelorette,15,Hunter Jones,24,"Westchester, California",Pro Surfer,Week 1
The Bachelorette,15,Joe Barsano,30,"Chicago, Illinois",The Box King,Week 1
The Bachelorette,15,Matt Donald,26,"Los Gatos, California",Medical Device Salesman,Week 1
The Bachelorette,15,Ryan Spirko,25,"Philadelphia, Pennsylvania",Roller Boy,Week 1
The Bachelorette,15,Thomas Staton,27,"Detroit, Michigan",International Pro Basketball Player,Week 1
The Bachelorette,15,Scott Andersen,28,"Chicago, Illinois",Software Sales Executive,Week 1
